{"cameraMode":{"drawMode":0,"name":"Shaded","section":"Shading Mode"},"sceneLighting":true,"audioPlay":false,"sceneViewState":{"showFog":true,"showMaterialUpdate":false,"showSkybox":true,"showFlares":true,"showImageEffects":true,"showParticleSystems":true},"in2DMode":false,"pivot":{"x":361.2727966308594,"y":409.9617614746094,"z":15.97821044921875},"rotation":{"x":-0.03448322415351868,"y":-0.02398323081433773,"z":-0.000827748270239681,"w":0.9991171360015869},"size":988.9144897460938,"orthographic":false}